-- MySQL dump 10.13  Distrib 8.0.25, for macos11.3 (x86_64)
--
-- Host: localhost    Database: share_travel
-- ------------------------------------------------------
-- Server version	8.0.25

/*!40101 SET @OLD_CHARACTER_SET_CLIENT=@@CHARACTER_SET_CLIENT */;
/*!40101 SET @OLD_CHARACTER_SET_RESULTS=@@CHARACTER_SET_RESULTS */;
/*!40101 SET @OLD_COLLATION_CONNECTION=@@COLLATION_CONNECTION */;
/*!50503 SET NAMES utf8mb4 */;
/*!40103 SET @OLD_TIME_ZONE=@@TIME_ZONE */;
/*!40103 SET TIME_ZONE='+00:00' */;
/*!40014 SET @OLD_UNIQUE_CHECKS=@@UNIQUE_CHECKS, UNIQUE_CHECKS=0 */;
/*!40014 SET @OLD_FOREIGN_KEY_CHECKS=@@FOREIGN_KEY_CHECKS, FOREIGN_KEY_CHECKS=0 */;
/*!40101 SET @OLD_SQL_MODE=@@SQL_MODE, SQL_MODE='NO_AUTO_VALUE_ON_ZERO' */;
/*!40111 SET @OLD_SQL_NOTES=@@SQL_NOTES, SQL_NOTES=0 */;

--
-- Table structure for table `event`
--

DROP TABLE IF EXISTS `event`;
/*!40101 SET @saved_cs_client     = @@character_set_client */;
/*!50503 SET character_set_client = utf8mb4 */;
CREATE TABLE `event` (
  `id` int unsigned NOT NULL AUTO_INCREMENT,
  `auth_key` varchar(16) CHARACTER SET utf8mb4 COLLATE utf8mb4_general_ci DEFAULT '',
  `password` varchar(32) CHARACTER SET utf8mb4 COLLATE utf8mb4_general_ci DEFAULT '',
  `name` varchar(64) CHARACTER SET utf8mb4 COLLATE utf8mb4_general_ci NOT NULL DEFAULT '',
  `date` datetime NOT NULL,
  `pool` int NOT NULL DEFAULT '0',
  `create_time` datetime NOT NULL,
  `update_time` datetime DEFAULT NULL,
  PRIMARY KEY (`id`)
) ENGINE=InnoDB AUTO_INCREMENT=28 DEFAULT CHARSET=utf8mb4 COLLATE=utf8mb4_general_ci;
/*!40101 SET character_set_client = @saved_cs_client */;

--
-- Dumping data for table `event`
--

LOCK TABLES `event` WRITE;
/*!40000 ALTER TABLE `event` DISABLE KEYS */;
INSERT INTO `event` VALUES (25,'h0h3fhfUVuS0jZ9u','','テスト','2021-08-26 00:00:00',0,'2021-08-09 15:01:39',NULL),(26,'お試し','','お試し名前','2021-08-28 00:00:00',0,'2021-08-09 15:01:50','2021-08-13 14:36:32'),(27,'BpLnfgDsc3WD9F3q','','テスト','2021-08-24 00:00:00',0,'2021-08-19 03:53:08',NULL);
/*!40000 ALTER TABLE `event` ENABLE KEYS */;
UNLOCK TABLES;

--
-- Table structure for table `expense`
--

DROP TABLE IF EXISTS `expense`;
/*!40101 SET @saved_cs_client     = @@character_set_client */;
/*!50503 SET character_set_client = utf8mb4 */;
CREATE TABLE `expense` (
  `id` int unsigned NOT NULL AUTO_INCREMENT,
  `event_id` int DEFAULT NULL,
  `temporarily_member` int DEFAULT NULL,
  `total` int NOT NULL,
  `remarks` varchar(128) CHARACTER SET utf8mb4 COLLATE utf8mb4_general_ci DEFAULT NULL,
  `name` varchar(64) NOT NULL DEFAULT '',
  `create_time` datetime NOT NULL,
  `update_time` datetime DEFAULT NULL,
  PRIMARY KEY (`id`)
) ENGINE=InnoDB AUTO_INCREMENT=52 DEFAULT CHARSET=utf8mb4 COLLATE=utf8mb4_general_ci;
/*!40101 SET character_set_client = @saved_cs_client */;

--
-- Dumping data for table `expense`
--

LOCK TABLES `expense` WRITE;
/*!40000 ALTER TABLE `expense` DISABLE KEYS */;
INSERT INTO `expense` VALUES (34,26,0,25543,'端数はプールする','会計テスト','2021-08-11 18:46:31',NULL),(35,26,0,4000,'テスト','交通費','2021-08-13 14:28:47',NULL),(36,26,0,5000,'テスト2','交通費','2021-08-13 14:32:30',NULL),(37,26,0,5000,'テスト2','交通費','2021-08-13 14:36:32',NULL),(38,26,0,4599,'テスト','交通費','2021-08-13 14:38:08',NULL),(39,26,0,4599,'テスト','交通費','2021-08-13 14:39:51',NULL),(40,26,0,4599,'テスト','交通費','2021-08-13 14:40:15',NULL),(45,26,0,25543,'','テスト','2021-08-17 20:13:54',NULL),(46,26,0,25543,'','テスト','2021-08-17 20:14:41',NULL),(47,26,0,25543,'特になし','テスト','2021-08-20 05:30:37',NULL),(48,26,7,25543,'','テスト','2021-08-20 05:35:01',NULL),(49,26,7,25543,'','テスト','2021-08-20 05:35:20',NULL),(50,26,0,25543,'','テスト','2021-08-20 05:36:03',NULL),(51,26,10,25543,'','テスト','2021-08-20 05:36:06','2021-08-22 08:05:43');
/*!40000 ALTER TABLE `expense` ENABLE KEYS */;
UNLOCK TABLES;

--
-- Table structure for table `member`
--

DROP TABLE IF EXISTS `member`;
/*!40101 SET @saved_cs_client     = @@character_set_client */;
/*!50503 SET character_set_client = utf8mb4 */;
CREATE TABLE `member` (
  `id` int unsigned NOT NULL AUTO_INCREMENT,
  `event_id` int NOT NULL,
  `name` varchar(32) NOT NULL DEFAULT '',
  `create_time` datetime NOT NULL,
  `update_time` datetime DEFAULT NULL,
  PRIMARY KEY (`id`)
) ENGINE=InnoDB AUTO_INCREMENT=14 DEFAULT CHARSET=utf8mb4 COLLATE=utf8mb4_general_ci;
/*!40101 SET character_set_client = @saved_cs_client */;

--
-- Dumping data for table `member`
--

LOCK TABLES `member` WRITE;
/*!40000 ALTER TABLE `member` DISABLE KEYS */;
INSERT INTO `member` VALUES (6,26,'test','2021-08-10 03:35:18',NULL),(7,26,'test2','2021-08-10 03:40:38',NULL),(8,26,'test3','2021-08-10 03:41:08',NULL),(9,26,'test4','2021-08-10 03:43:30',NULL),(10,26,'test5','2021-08-10 03:43:46',NULL),(11,26,'test6','2021-08-10 03:43:57',NULL),(12,26,'test9','2021-08-10 03:46:46',NULL);
/*!40000 ALTER TABLE `member` ENABLE KEYS */;
UNLOCK TABLES;

--
-- Table structure for table `member_expense`
--

DROP TABLE IF EXISTS `member_expense`;
/*!40101 SET @saved_cs_client     = @@character_set_client */;
/*!50503 SET character_set_client = utf8mb4 */;
CREATE TABLE `member_expense` (
  `id` int unsigned NOT NULL AUTO_INCREMENT,
  `member_id` int NOT NULL,
  `expense_id` int NOT NULL,
  `price` int NOT NULL,
  `create_time` datetime NOT NULL,
  `update_time` datetime DEFAULT NULL,
  PRIMARY KEY (`id`)
) ENGINE=InnoDB AUTO_INCREMENT=105 DEFAULT CHARSET=utf8mb4 COLLATE=utf8mb4_general_ci;
/*!40101 SET character_set_client = @saved_cs_client */;

--
-- Dumping data for table `member_expense`
--

LOCK TABLES `member_expense` WRITE;
/*!40000 ALTER TABLE `member_expense` DISABLE KEYS */;
INSERT INTO `member_expense` VALUES (6,6,34,3192,'2021-08-11 18:46:31',NULL),(7,7,34,3192,'2021-08-11 18:46:31',NULL),(8,8,34,3192,'2021-08-11 18:46:31',NULL),(9,9,34,3192,'2021-08-11 18:46:31',NULL),(10,10,34,3192,'2021-08-11 18:46:31',NULL),(11,11,34,3192,'2021-08-11 18:46:31',NULL),(12,12,34,3192,'2021-08-11 18:46:31',NULL),(13,13,34,3192,'2021-08-11 18:46:31',NULL),(14,6,35,571,'2021-08-13 14:28:48',NULL),(15,7,35,571,'2021-08-13 14:28:48',NULL),(16,8,35,571,'2021-08-13 14:28:48',NULL),(17,9,35,571,'2021-08-13 14:28:48',NULL),(18,10,35,571,'2021-08-13 14:28:48',NULL),(19,11,35,571,'2021-08-13 14:28:48',NULL),(20,12,35,571,'2021-08-13 14:28:48',NULL),(21,6,36,714,'2021-08-13 14:32:30',NULL),(22,7,36,714,'2021-08-13 14:32:30',NULL),(23,8,36,714,'2021-08-13 14:32:30',NULL),(24,9,36,714,'2021-08-13 14:32:30',NULL),(25,10,36,714,'2021-08-13 14:32:30',NULL),(26,11,36,714,'2021-08-13 14:32:30',NULL),(27,12,36,714,'2021-08-13 14:32:30',NULL),(28,6,37,714,'2021-08-13 14:36:32',NULL),(29,7,37,714,'2021-08-13 14:36:32',NULL),(30,8,37,714,'2021-08-13 14:36:32',NULL),(31,9,37,714,'2021-08-13 14:36:32',NULL),(32,10,37,714,'2021-08-13 14:36:32',NULL),(33,11,37,714,'2021-08-13 14:36:32',NULL),(34,12,37,714,'2021-08-13 14:36:32',NULL),(35,6,38,657,'2021-08-13 14:38:08',NULL),(36,7,38,657,'2021-08-13 14:38:08',NULL),(37,8,38,657,'2021-08-13 14:38:08',NULL),(38,9,38,657,'2021-08-13 14:38:08',NULL),(39,10,38,657,'2021-08-13 14:38:08',NULL),(40,11,38,657,'2021-08-13 14:38:08',NULL),(41,12,38,657,'2021-08-13 14:38:08',NULL),(42,6,39,657,'2021-08-13 14:39:51',NULL),(43,7,39,657,'2021-08-13 14:39:51',NULL),(44,8,39,657,'2021-08-13 14:39:51',NULL),(45,9,39,657,'2021-08-13 14:39:51',NULL),(46,10,39,657,'2021-08-13 14:39:51',NULL),(47,11,39,657,'2021-08-13 14:39:51',NULL),(48,12,39,657,'2021-08-13 14:39:51',NULL),(49,6,40,657,'2021-08-13 14:40:15',NULL),(50,7,40,657,'2021-08-13 14:40:15',NULL),(51,8,40,657,'2021-08-13 14:40:15',NULL),(52,9,40,657,'2021-08-13 14:40:15',NULL),(53,10,40,657,'2021-08-13 14:40:15',NULL),(54,11,40,657,'2021-08-13 14:40:15',NULL),(55,12,40,657,'2021-08-13 14:40:15',NULL),(56,6,45,3200,'2021-08-17 20:13:54',NULL),(57,7,45,3200,'2021-08-17 20:13:54',NULL),(58,8,45,3200,'2021-08-17 20:13:54',NULL),(59,9,45,3200,'2021-08-17 20:13:54',NULL),(60,10,45,3200,'2021-08-17 20:13:54',NULL),(61,11,45,3200,'2021-08-17 20:13:54',NULL),(62,12,45,6000,'2021-08-17 20:13:54',NULL),(63,6,46,3200,'2021-08-17 20:14:41',NULL),(64,7,46,3200,'2021-08-17 20:14:41',NULL),(65,8,46,3200,'2021-08-17 20:14:41',NULL),(66,9,46,3200,'2021-08-17 20:14:41',NULL),(67,10,46,3200,'2021-08-17 20:14:41',NULL),(68,11,46,3200,'2021-08-17 20:14:41',NULL),(69,12,46,6000,'2021-08-17 20:14:41',NULL),(70,6,47,3423,'2021-08-20 05:30:37',NULL),(71,7,47,3423,'2021-08-20 05:30:37',NULL),(72,8,47,3423,'2021-08-20 05:30:37',NULL),(73,9,47,3423,'2021-08-20 05:30:37',NULL),(74,10,47,5000,'2021-08-20 05:30:37',NULL),(75,11,47,3423,'2021-08-20 05:30:37',NULL),(76,12,47,3423,'2021-08-20 05:30:37',NULL),(77,6,48,3600,'2021-08-20 05:35:01',NULL),(78,7,48,3600,'2021-08-20 05:35:01',NULL),(79,8,48,3600,'2021-08-20 05:35:01',NULL),(80,9,48,3600,'2021-08-20 05:35:01',NULL),(81,10,48,3600,'2021-08-20 05:35:01',NULL),(82,11,48,3600,'2021-08-20 05:35:01',NULL),(83,12,48,3600,'2021-08-20 05:35:01',NULL),(84,6,49,3600,'2021-08-20 05:35:20',NULL),(85,7,49,3600,'2021-08-20 05:35:20',NULL),(86,8,49,3600,'2021-08-20 05:35:20',NULL),(87,9,49,3600,'2021-08-20 05:35:20',NULL),(88,10,49,3600,'2021-08-20 05:35:20',NULL),(89,11,49,3600,'2021-08-20 05:35:20',NULL),(90,12,49,3600,'2021-08-20 05:35:20',NULL),(91,6,50,3600,'2021-08-20 05:36:03',NULL),(92,7,50,3600,'2021-08-20 05:36:03',NULL),(93,8,50,3600,'2021-08-20 05:36:03',NULL),(94,9,50,3600,'2021-08-20 05:36:03',NULL),(95,10,50,3600,'2021-08-20 05:36:03',NULL),(96,11,50,3600,'2021-08-20 05:36:03',NULL),(97,12,50,3600,'2021-08-20 05:36:03',NULL),(98,6,51,3600,'2021-08-20 05:36:06','2021-08-22 08:05:43'),(99,7,51,3600,'2021-08-20 05:36:06','2021-08-22 08:05:43'),(100,8,51,3600,'2021-08-20 05:36:06','2021-08-22 08:05:43'),(101,9,51,3600,'2021-08-20 05:36:06','2021-08-22 08:05:43'),(102,10,51,3600,'2021-08-20 05:36:06','2021-08-22 08:05:43'),(103,11,51,3600,'2021-08-20 05:36:06','2021-08-22 08:05:43'),(104,12,51,3600,'2021-08-20 05:36:06','2021-08-22 08:05:43');
/*!40000 ALTER TABLE `member_expense` ENABLE KEYS */;
UNLOCK TABLES;
/*!40103 SET TIME_ZONE=@OLD_TIME_ZONE */;

/*!40101 SET SQL_MODE=@OLD_SQL_MODE */;
/*!40014 SET FOREIGN_KEY_CHECKS=@OLD_FOREIGN_KEY_CHECKS */;
/*!40014 SET UNIQUE_CHECKS=@OLD_UNIQUE_CHECKS */;
/*!40101 SET CHARACTER_SET_CLIENT=@OLD_CHARACTER_SET_CLIENT */;
/*!40101 SET CHARACTER_SET_RESULTS=@OLD_CHARACTER_SET_RESULTS */;
/*!40101 SET COLLATION_CONNECTION=@OLD_COLLATION_CONNECTION */;
/*!40111 SET SQL_NOTES=@OLD_SQL_NOTES */;

-- Dump completed on 2021-08-23  0:08:55
